Title,Link,Year,Rating_Classification,Total_Ratings,Average_Rating,Director,Runtime,Genre
The Shawshank Redemption,https://www.imdb.com/title/tt0111161/?ref_=chttp_t_1,1994,R,3000000,9.3,Frank Darabont,142,Epic
The Godfather,https://www.imdb.com/title/tt0068646/?ref_=chttp_t_2,1972,R,2100000,9.2,Francis Ford Coppola,175,Epic
The Dark Knight,https://www.imdb.com/title/tt0468569/?ref_=chttp_t_3,2008,PG-13,3000000,9.0,Christopher Nolan,152,Action Epic
The Godfather Part II,https://www.imdb.com/title/tt0071562/?ref_=chttp_t_4,1974,R,1400000,9.0,Francis Ford Coppola,202,Epic
12 Angry Men,https://www.imdb.com/title/tt0050083/?ref_=chttp_t_5,1957,Approved,902000,9.0,Sidney Lumet,96,Legal Drama
The Lord of the Rings: The Return of the King,https://www.imdb.com/title/tt0167260/?ref_=chttp_t_6,2003,PG-13,2000000,9.0,Peter Jackson,201,Adventure Epic
Schindler's List,https://www.imdb.com/title/tt0108052/?ref_=chttp_t_7,1993,R,1500000,9.0,Steven Spielberg,195,Docudrama
Pulp Fiction,https://www.imdb.com/title/tt0110912/?ref_=chttp_t_8,1994,R,2300000,8.9,Quentin Tarantino,154,Dark Comedy
The Lord of the Rings: The Fellowship of the Ring,https://www.imdb.com/title/tt0120737/?ref_=chttp_t_9,2001,PG-13,2100000,8.9,Peter Jackson,178,Adventure Epic
"The Good, the Bad and the Ugly",https://www.imdb.com/title/tt0060196/?ref_=chttp_t_10,1966,R,837000,8.8,Sergio Leone,178,Adventure Epic
Forrest Gump,https://www.imdb.com/title/tt0109830/?ref_=chttp_t_11,1994,PG-13,2300000,8.8,Robert Zemeckis,142,Epic
The Lord of the Rings: The Two Towers,https://www.imdb.com/title/tt0167261/?ref_=chttp_t_12,2002,PG-13,1800000,8.8,Peter Jackson,179,Adventure Epic
Fight Club,https://www.imdb.com/title/tt0137523/?ref_=chttp_t_13,1999,R,2400000,8.8,David Fincher,139,Psychological Drama
Inception,https://www.imdb.com/title/tt1375666/?ref_=chttp_t_14,2010,PG-13,2600000,8.8,Christopher Nolan,148,Action Epic
Star Wars: Episode V - The Empire Strikes Back,https://www.imdb.com/title/tt0080684/?ref_=chttp_t_15,1980,PG,1400000,8.7,Irvin Kershner,124,Action Epic
The Matrix,https://www.imdb.com/title/tt0133093/?ref_=chttp_t_16,1999,R,2100000,8.7,Lana Wachowski,136,Action Epic
Goodfellas,https://www.imdb.com/title/tt0099685/?ref_=chttp_t_17,1990,R,1300000,8.7,Martin Scorsese,145,Docudrama
One Flew Over the Cuckoo's Nest,https://www.imdb.com/title/tt0073486/?ref_=chttp_t_18,1975,R,1100000,8.7,Milos Forman,133,Medical Drama
Interstellar,https://www.imdb.com/title/tt0816692/?ref_=chttp_t_19,2014,PG-13,2200000,8.7,Christopher Nolan,169,Adventure Epic
Se7en,https://www.imdb.com/title/tt0114369/?ref_=chttp_t_20,1995,R,1900000,8.6,David Fincher,127,Cop Drama
It's a Wonderful Life,https://www.imdb.com/title/tt0038650/?ref_=chttp_t_21,1946,PG,519000,8.6,Frank Capra,130,Feel-Good Romance
Seven Samurai,https://www.imdb.com/title/tt0047478/?ref_=chttp_t_22,1954,Not Rated,378000,8.6,Akira Kurosawa,207,Action Epic
The Silence of the Lambs,https://www.imdb.com/title/tt0102926/?ref_=chttp_t_23,1991,R,1600000,8.6,Jonathan Demme,118,Police Procedural
Saving Private Ryan,https://www.imdb.com/title/tt0120815/?ref_=chttp_t_24,1998,R,1500000,8.6,Steven Spielberg,169,Epic
City of God,https://www.imdb.com/title/tt0317248/?ref_=chttp_t_25,2002,R,824000,8.6,Fernando Meirelles,130,Caper
The Green Mile,https://www.imdb.com/title/tt0120689/?ref_=chttp_t_26,1999,R,1500000,8.6,Frank Darabont,189,Period Drama
Life Is Beautiful,https://www.imdb.com/title/tt0118799/?ref_=chttp_t_27,1997,PG-13,765000,8.6,Roberto Benigni,116,Period Drama
Terminator 2: Judgment Day,https://www.imdb.com/title/tt0103064/?ref_=chttp_t_28,1991,R,1200000,8.6,James Cameron,137,Action Epic
Star Wars: Episode IV - A New Hope,https://www.imdb.com/title/tt0076759/?ref_=chttp_t_29,1977,PG,1500000,8.6,George Lucas,121,Action Epic
Back to the Future,https://www.imdb.com/title/tt0088763/?ref_=chttp_t_30,1985,PG,1400000,8.5,Robert Zemeckis,116,High-Concept Comedy
Spirited Away,https://www.imdb.com/title/tt0245429/?ref_=chttp_t_31,2001,PG,887000,8.6,Hayao Miyazaki,124,Anime
The Pianist,https://www.imdb.com/title/tt0253474/?ref_=chttp_t_32,2002,R,947000,8.5,Roman Polanski,150,Docudrama
Gladiator,https://www.imdb.com/title/tt0172495/?ref_=chttp_t_33,2000,R,1700000,8.5,Ridley Scott,155,Action Epic
Parasite,https://www.imdb.com/title/tt6751668/?ref_=chttp_t_34,2019,R,1000000,8.5,Bong Joon Ho,132,Dark Comedy
Psycho,https://www.imdb.com/title/tt0054215/?ref_=chttp_t_35,1960,R,741000,8.5,Alfred Hitchcock,109,Psychological Horror
The Lion King,https://www.imdb.com/title/tt0110357/?ref_=chttp_t_36,1994,G,1200000,8.5,Roger Allers,88,Animal Adventure
The Departed,https://www.imdb.com/title/tt0407887/?ref_=chttp_t_37,2006,R,1500000,8.5,Martin Scorsese,151,Cop Drama
Grave of the Fireflies,https://www.imdb.com/title/tt0095327/?ref_=chttp_t_38,1988,Not Rated,334000,8.5,Isao Takahata,88,Adult Animation
Whiplash,https://www.imdb.com/title/tt2582802/?ref_=chttp_t_39,2014,R,1000000,8.5,Damien Chazelle,106,Psychological Drama
American History X,https://www.imdb.com/title/tt0120586/?ref_=chttp_t_40,1998,R,1200000,8.5,Tony Kaye,119,Prison Drama
Spider-Man: Across the Spider-Verse,https://www.imdb.com/title/tt9362722/?ref_=chttp_t_41,2023,PG,427000,8.5,Joaquim Dos Santos,140,Computer Animation
The Prestige,https://www.imdb.com/title/tt0482571/?ref_=chttp_t_42,2006,PG-13,1500000,8.5,Christopher Nolan,130,Period Drama
Léon: The Professional,https://www.imdb.com/title/tt0110413/?ref_=chttp_t_43,1994,R,1300000,8.5,Luc Besson,110,Gangster
Harakiri,https://www.imdb.com/title/tt0056058/?ref_=chttp_t_44,1962,Not Rated,76000,8.6,Masaki Kobayashi,133,Period Drama
Casablanca,https://www.imdb.com/title/tt0034583/?ref_=chttp_t_45,1942,PG,623000,8.5,Michael Curtiz,102,Drama
The Usual Suspects,https://www.imdb.com/title/tt0114814/?ref_=chttp_t_46,1995,R,1200000,8.5,Bryan Singer,106,Gangster
The Intouchables,https://www.imdb.com/title/tt1675434/?ref_=chttp_t_47,2011,R,959000,8.5,Olivier Nakache,112,Docudrama
Cinema Paradiso,https://www.imdb.com/title/tt0095765/?ref_=chttp_t_48,1988,PG,295000,8.5,Giuseppe Tornatore,174,Coming-of-Age
Modern Times,https://www.imdb.com/title/tt0027977/?ref_=chttp_t_49,1936,G,268000,8.5,Charles Chaplin,87,Slapstick
Alien,https://www.imdb.com/title/tt0078748/?ref_=chttp_t_50,1979,R,997000,8.5,Ridley Scott,117,Cyberpunk
Rear Window,https://www.imdb.com/title/tt0047396/?ref_=chttp_t_51,1954,PG,538000,8.5,Alfred Hitchcock,112,Suspense Mystery
Dune: Part Two,https://www.imdb.com/title/tt15239678/?ref_=chttp_t_52,2024,PG-13,570000,8.5,Denis Villeneuve,166,Action Epic
Once Upon a Time in the West,https://www.imdb.com/title/tt0064116/?ref_=chttp_t_53,1968,PG-13,361000,8.5,Sergio Leone,166,Desert Adventure
Django Unchained,https://www.imdb.com/title/tt1853728/?ref_=chttp_t_54,2012,R,1800000,8.5,Quentin Tarantino,165,Dark Comedy
City Lights,https://www.imdb.com/title/tt0021749/?ref_=chttp_t_55,1931,G,204000,8.5,Charles Chaplin,87,Feel-Good Romance
Apocalypse Now,https://www.imdb.com/title/tt0078788/?ref_=chttp_t_56,1979,R,731000,8.4,Francis Ford Coppola,147,Adventure Epic
Memento,https://www.imdb.com/title/tt0209144/?ref_=chttp_t_57,2000,R,1400000,8.4,Christopher Nolan,113,Psychological Thriller
WALL·E,https://www.imdb.com/title/tt0910970/?ref_=chttp_t_58,2008,G,1200000,8.4,Andrew Stanton,98,Adventure Epic
Raiders of the Lost Ark,https://www.imdb.com/title/tt0082971/?ref_=chttp_t_59,1981,PG,1100000,8.4,Steven Spielberg,115,Adventure Epic
The Lives of Others,https://www.imdb.com/title/tt0405094/?ref_=chttp_t_60,2006,R,422000,8.4,Florian Henckel von Donnersmarck,137,Political Thriller
Avengers: Infinity War,https://www.imdb.com/title/tt4154756/?ref_=chttp_t_61,2018,PG-13,1300000,8.4,Anthony Russo,149,Space Sci-Fi
12th Fail,https://www.imdb.com/title/tt23849204/?ref_=chttp_t_62,2023,Not Rated,139000,8.8,Vidhu Vinod Chopra,147,Docudrama
Sunset Boulevard,https://www.imdb.com/title/tt0043014/?ref_=chttp_t_63,1950,Approved,245000,8.4,Billy Wilder,110,Film Noir
Spider-Man: Into the Spider-Verse,https://www.imdb.com/title/tt4633694/?ref_=chttp_t_64,2018,PG,709000,8.4,Bob Persichetti,117,Computer Animation
Paths of Glory,https://www.imdb.com/title/tt0050825/?ref_=chttp_t_65,1957,Approved,222000,8.4,Stanley Kubrick,88,Epic
Witness for the Prosecution,https://www.imdb.com/title/tt0051201/?ref_=chttp_t_66,1957,Approved,146000,8.4,Billy Wilder,116,Legal Drama
The Shining,https://www.imdb.com/title/tt0081505/?ref_=chttp_t_67,1980,R,1100000,8.4,Stanley Kubrick,146,Psychological Drama
The Great Dictator,https://www.imdb.com/title/tt0032553/?ref_=chttp_t_68,1940,G,245000,8.4,Charles Chaplin,125,Parody
Aliens,https://www.imdb.com/title/tt0090605/?ref_=chttp_t_69,1986,R,797000,8.4,James Cameron,137,Alien Invasion
Inglourious Basterds,https://www.imdb.com/title/tt0361748/?ref_=chttp_t_70,2009,R,1600000,8.4,Quentin Tarantino,153,Dark Comedy
The Dark Knight Rises,https://www.imdb.com/title/tt1345836/?ref_=chttp_t_71,2012,PG-13,1900000,8.4,Christopher Nolan,164,Action Epic
Coco,https://www.imdb.com/title/tt2380307/?ref_=chttp_t_72,2017,PG,629000,8.4,Lee Unkrich,105,Computer Animation
Amadeus,https://www.imdb.com/title/tt0086879/?ref_=chttp_t_73,1984,PG,442000,8.4,Milos Forman,160,Costume Drama
Toy Story,https://www.imdb.com/title/tt0114709/?ref_=chttp_t_74,1995,G,1100000,8.3,John Lasseter,81,Buddy Comedy
Oldboy,https://www.imdb.com/title/tt0364569/?ref_=chttp_t_75,2003,R,662000,8.3,Park Chan-wook,120,Dark Comedy
Dr. Strangelove or: How I Learned to Stop Worrying and Love the Bomb,https://www.imdb.com/title/tt0057012/?ref_=chttp_t_76,1964,PG,532000,8.3,Stanley Kubrick,95,Dark Comedy
Avengers: Endgame,https://www.imdb.com/title/tt4154796/?ref_=chttp_t_77,2019,PG-13,1300000,8.4,Anthony Russo,181,Space Sci-Fi
American Beauty,https://www.imdb.com/title/tt0169547/?ref_=chttp_t_78,1999,R,1200000,8.3,Sam Mendes,122,Psychological Drama
Good Will Hunting,https://www.imdb.com/title/tt0119217/?ref_=chttp_t_79,1997,R,1100000,8.3,Gus Van Sant,126,Coming-of-Age
Braveheart,https://www.imdb.com/title/tt0112573/?ref_=chttp_t_80,1995,R,1100000,8.3,Mel Gibson,178,Costume Drama
Das Boot,https://www.imdb.com/title/tt0082096/?ref_=chttp_t_81,1981,Not Rated,274000,8.4,Wolfgang Petersen,149,War Epic
Princess Mononoke,https://www.imdb.com/title/tt0119698/?ref_=chttp_t_82,1997,PG-13,450000,8.3,Hayao Miyazaki,133,Action Epic
Your Name.,https://www.imdb.com/title/tt5311514/?ref_=chttp_t_83,2016,Not Rated,343000,8.4,Makoto Shinkai,106,Anime
High and Low,https://www.imdb.com/title/tt0057565/?ref_=chttp_t_84,1963,Not Rated,58000,8.4,Akira Kurosawa,143,Police Procedural
Joker,https://www.imdb.com/title/tt7286456/?ref_=chttp_t_85,2019,R,1600000,8.3,Todd Phillips,122,Psychological Drama
3 Idiots,https://www.imdb.com/title/tt1187043/?ref_=chttp_t_86,2009,PG-13,450000,8.4,Rajkumar Hirani,170,Coming-of-Age
Once Upon a Time in America,https://www.imdb.com/title/tt0087843/?ref_=chttp_t_87,1984,R,389000,8.3,Sergio Leone,229,Dark Comedy
Singin' in the Rain,https://www.imdb.com/title/tt0045152/?ref_=chttp_t_88,1952,G,268000,8.3,Stanley Donen,103,Classic Musical
Capernaum,https://www.imdb.com/title/tt8267604/?ref_=chttp_t_89,2018,R,113000,8.4,Nadine Labaki,126,Drama
Come and See,https://www.imdb.com/title/tt0091251/?ref_=chttp_t_90,1985,Not Rated,107000,8.3,Elem Klimov,142,Epic
Requiem for a Dream,https://www.imdb.com/title/tt0180093/?ref_=chttp_t_91,2000,NC-17,924000,8.3,Darren Aronofsky,102,Psychological Drama
Toy Story 3,https://www.imdb.com/title/tt0435761/?ref_=chttp_t_92,2010,G,917000,8.3,Lee Unkrich,103,Computer Animation
Star Wars: Episode VI - Return of the Jedi,https://www.imdb.com/title/tt0086190/?ref_=chttp_t_93,1983,PG,1100000,8.3,Richard Marquand,131,Action Epic
The Hunt,https://www.imdb.com/title/tt2106476/?ref_=chttp_t_94,2012,R,379000,8.3,Thomas Vinterberg,115,Psychological Drama
Eternal Sunshine of the Spotless Mind,https://www.imdb.com/title/tt0338013/?ref_=chttp_t_95,2004,R,1100000,8.3,Michel Gondry,108,Dark Romance
Ikiru,https://www.imdb.com/title/tt0044741/?ref_=chttp_t_96,1952,Not Rated,94000,8.3,Akira Kurosawa,143,Psychological Drama
2001: A Space Odyssey,https://www.imdb.com/title/tt0062622/?ref_=chttp_t_97,1968,G,742000,8.3,Stanley Kubrick,149,Adventure Epic
Reservoir Dogs,https://www.imdb.com/title/tt0105236/?ref_=chttp_t_98,1992,R,1100000,8.3,Quentin Tarantino,99,Gangster
The Apartment,https://www.imdb.com/title/tt0053604/?ref_=chttp_t_99,1960,Approved,204000,8.3,Billy Wilder,125,Farce
Lawrence of Arabia,https://www.imdb.com/title/tt0056172/?ref_=chttp_t_100,1962,PG,324000,8.3,David Lean,227,Adventure Epic
Incendies,https://www.imdb.com/title/tt1255953/?ref_=chttp_t_101,2010,R,218000,8.3,Denis Villeneuve,131,Suspense Mystery
Scarface,https://www.imdb.com/title/tt0086250/?ref_=chttp_t_102,1983,R,946000,8.3,Brian De Palma,170,Drug Crime
Double Indemnity,https://www.imdb.com/title/tt0036775/?ref_=chttp_t_103,1944,Approved,172000,8.3,Billy Wilder,107,Film Noir
North by Northwest,https://www.imdb.com/title/tt0053125/?ref_=chttp_t_104,1959,Approved,356000,8.3,Alfred Hitchcock,136,Spy
Citizen Kane,https://www.imdb.com/title/tt0033467/?ref_=chttp_t_105,1941,PG,476000,8.3,Orson Welles,119,Epic
Heat,https://www.imdb.com/title/tt0113277/?ref_=chttp_t_106,1995,R,741000,8.3,Michael Mann,170,Cop Drama
M,https://www.imdb.com/title/tt0022100/?ref_=chttp_t_107,1931,Approved,174000,8.3,Fritz Lang,99,Psychological Thriller
Vertigo,https://www.imdb.com/title/tt0052357/?ref_=chttp_t_108,1958,PG,439000,8.3,Alfred Hitchcock,128,Psychological Thriller
Full Metal Jacket,https://www.imdb.com/title/tt0093058/?ref_=chttp_t_109,1987,R,811000,8.2,Stanley Kubrick,116,Period Drama
Up,https://www.imdb.com/title/tt1049413/?ref_=chttp_t_110,2009,PG,1200000,8.3,Pete Docter,96,Coming-of-Age
Amélie,https://www.imdb.com/title/tt0211915/?ref_=chttp_t_111,2001,R,810000,8.3,Jean-Pierre Jeunet,122,Feel-Good Romance
Oppenheimer,https://www.imdb.com/title/tt15398776/?ref_=chttp_t_112,2023,R,832000,8.3,Christopher Nolan,180,Docudrama
A Clockwork Orange,https://www.imdb.com/title/tt0066921/?ref_=chttp_t_113,1971,R,901000,8.2,Stanley Kubrick,136,Dark Comedy
To Kill a Mockingbird,https://www.imdb.com/title/tt0056592/?ref_=chttp_t_114,1962,Approved,340000,8.3,Robert Mulligan,129,Legal Drama
A Separation,https://www.imdb.com/title/tt1832382/?ref_=chttp_t_115,2011,PG-13,266000,8.3,Asghar Farhadi,123,Legal Drama
Die Hard,https://www.imdb.com/title/tt0095016/?ref_=chttp_t_116,1988,R,976000,8.2,John McTiernan,132,Disaster
The Sting,https://www.imdb.com/title/tt0070735/?ref_=chttp_t_117,1973,PG,286000,8.3,George Roy Hill,129,Caper
Indiana Jones and the Last Crusade,https://www.imdb.com/title/tt0097576/?ref_=chttp_t_118,1989,PG-13,828000,8.2,Steven Spielberg,127,Adventure Epic
Like Stars on Earth,https://www.imdb.com/title/tt0986264/?ref_=chttp_t_119,2007,PG,214000,8.3,Aamir Khan,162,Drama
Metropolis,https://www.imdb.com/title/tt0017136/?ref_=chttp_t_120,1927,Not Rated,192000,8.3,Fritz Lang,153,Dystopian Sci-Fi
Snatch,https://www.imdb.com/title/tt0208092/?ref_=chttp_t_121,2000,R,932000,8.2,Guy Ritchie,102,Caper
1917,https://www.imdb.com/title/tt8579674/?ref_=chttp_t_122,2019,R,709000,8.2,Sam Mendes,119,Epic
L.A. Confidential,https://www.imdb.com/title/tt0119488/?ref_=chttp_t_123,1997,R,634000,8.2,Curtis Hanson,138,Conspiracy Thriller
Bicycle Thieves,https://www.imdb.com/title/tt0040522/?ref_=chttp_t_124,1948,Not Rated,182000,8.3,Vittorio De Sica,89,Tragedy
Downfall,https://www.imdb.com/title/tt0363163/?ref_=chttp_t_125,2004,R,384000,8.2,Oliver Hirschbiegel,156,Docudrama
Dangal,https://www.imdb.com/title/tt5074352/?ref_=chttp_t_126,2016,Not Rated,220000,8.3,Nitesh Tiwari,161,Action
Taxi Driver,https://www.imdb.com/title/tt0075314/?ref_=chttp_t_127,1976,R,958000,8.2,Martin Scorsese,114,Psychological Drama
Hamilton,https://www.imdb.com/title/tt8503618/?ref_=chttp_t_128,2020,PG-13,123000,8.3,Thomas Kail,160,Epic
The Wolf of Wall Street,https://www.imdb.com/title/tt0993846/?ref_=chttp_t_129,2013,R,1600000,8.2,Martin Scorsese,180,Dark Comedy
Batman Begins,https://www.imdb.com/title/tt0372784/?ref_=chttp_t_130,2005,PG-13,1600000,8.2,Christopher Nolan,140,Action Epic
For a Few Dollars More,https://www.imdb.com/title/tt0059578/?ref_=chttp_t_131,1965,R,283000,8.2,Sergio Leone,132,One-Person Army Action
Green Book,https://www.imdb.com/title/tt6966692/?ref_=chttp_t_132,2018,PG-13,612000,8.2,Peter Farrelly,130,Docudrama
Some Like It Hot,https://www.imdb.com/title/tt0053291/?ref_=chttp_t_133,1959,Approved,290000,8.2,Billy Wilder,121,Buddy Comedy
The Truman Show,https://www.imdb.com/title/tt0120382/?ref_=chttp_t_134,1998,PG,1200000,8.2,Peter Weir,103,Dark Comedy
Judgment at Nuremberg,https://www.imdb.com/title/tt0055031/?ref_=chttp_t_135,1961,Approved,89000,8.3,Stanley Kramer,179,Legal Drama
The Kid,https://www.imdb.com/title/tt0012349/?ref_=chttp_t_136,1921,Approved,139000,8.2,Charles Chaplin,68,Buddy Comedy
The Father,https://www.imdb.com/title/tt10272386/?ref_=chttp_t_137,2020,PG-13,206000,8.2,Florian Zeller,97,Psychological Drama
Shutter Island,https://www.imdb.com/title/tt1130884/?ref_=chttp_t_138,2010,R,1500000,8.2,Martin Scorsese,138,Psychological Thriller
All About Eve,https://www.imdb.com/title/tt0042192/?ref_=chttp_t_139,1950,Approved,143000,8.2,Joseph L. Mankiewicz,138,Showbiz Drama
There Will Be Blood,https://www.imdb.com/title/tt0469494/?ref_=chttp_t_140,2007,R,659000,8.2,Paul Thomas Anderson,158,Epic
Jurassic Park,https://www.imdb.com/title/tt0107290/?ref_=chttp_t_141,1993,PG-13,1100000,8.2,Steven Spielberg,127,Dinosaur Adventure
Casino,https://www.imdb.com/title/tt0112641/?ref_=chttp_t_142,1995,R,581000,8.2,Martin Scorsese,178,Docudrama
The Sixth Sense,https://www.imdb.com/title/tt0167404/?ref_=chttp_t_143,1999,PG-13,1100000,8.2,M. Night Shyamalan,107,Psychological Drama
Top Gun: Maverick,https://www.imdb.com/title/tt1745960/?ref_=chttp_t_144,2022,PG-13,749000,8.2,Joseph Kosinski,130,Action Epic
Ran,https://www.imdb.com/title/tt0089881/?ref_=chttp_t_145,1985,R,141000,8.2,Akira Kurosawa,160,Samurai
No Country for Old Men,https://www.imdb.com/title/tt0477348/?ref_=chttp_t_146,2007,R,1100000,8.2,Ethan Coen,122,Contemporary Western
Pan's Labyrinth,https://www.imdb.com/title/tt0457430/?ref_=chttp_t_147,2006,R,717000,8.2,Guillermo del Toro,118,Coming-of-Age
The Thing,https://www.imdb.com/title/tt0084787/?ref_=chttp_t_148,1982,R,487000,8.2,John Carpenter,109,Alien Invasion
Unforgiven,https://www.imdb.com/title/tt0105695/?ref_=chttp_t_149,1992,R,447000,8.2,Clint Eastwood,130,Period Drama
A Beautiful Mind,https://www.imdb.com/title/tt0268978/?ref_=chttp_t_150,2001,PG-13,1000000,8.2,Ron Howard,135,Docudrama
Kill Bill: Vol. 1,https://www.imdb.com/title/tt0266697/?ref_=chttp_t_151,2003,R,1200000,8.2,Quentin Tarantino,111,Martial Arts
The Treasure of the Sierra Madre,https://www.imdb.com/title/tt0040897/?ref_=chttp_t_152,1948,Approved,136000,8.2,John Huston,126,Tragedy
Yojimbo,https://www.imdb.com/title/tt0055630/?ref_=chttp_t_153,1961,Not Rated,136000,8.2,Akira Kurosawa,110,One-Person Army Action
Prisoners,https://www.imdb.com/title/tt1392214/?ref_=chttp_t_154,2013,R,848000,8.2,Denis Villeneuve,153,Psychological Thriller
Finding Nemo,https://www.imdb.com/title/tt0266543/?ref_=chttp_t_155,2003,G,1100000,8.2,Andrew Stanton,100,Animal Adventure
The Great Escape,https://www.imdb.com/title/tt0057115/?ref_=chttp_t_156,1963,Approved,265000,8.2,John Sturges,172,Period Drama
Monty Python and the Holy Grail,https://www.imdb.com/title/tt0071853/?ref_=chttp_t_157,1975,PG,581000,8.2,Terry Gilliam,91,Parody
The Wild Robot,https://www.imdb.com/title/tt29623480/?ref_=chttp_t_158,2024,PG,105000,8.2,Chris Sanders,102,Computer Animation
Howl's Moving Castle,https://www.imdb.com/title/tt0347149/?ref_=chttp_t_159,2004,PG,471000,8.2,Hayao Miyazaki,119,Adventure Epic
The Elephant Man,https://www.imdb.com/title/tt0080678/?ref_=chttp_t_160,1980,PG,266000,8.2,David Lynch,124,Docudrama
Dial M for Murder,https://www.imdb.com/title/tt0046912/?ref_=chttp_t_161,1954,PG,195000,8.2,Alfred Hitchcock,105,Crime
Rashomon,https://www.imdb.com/title/tt0042876/?ref_=chttp_t_162,1950,Not Rated,186000,8.2,Akira Kurosawa,88,Period Drama
Gone with the Wind,https://www.imdb.com/title/tt0031381/?ref_=chttp_t_163,1939,G,342000,8.2,Victor Fleming,238,Costume Drama
Chinatown,https://www.imdb.com/title/tt0071315/?ref_=chttp_t_164,1974,R,360000,8.1,Roman Polanski,130,Conspiracy Thriller
The Secret in Their Eyes,https://www.imdb.com/title/tt1305806/?ref_=chttp_t_165,2009,R,229000,8.2,Juan José Campanella,129,Dark Romance
"Lock, Stock and Two Smoking Barrels",https://www.imdb.com/title/tt0120735/?ref_=chttp_t_166,1998,R,629000,8.1,Guy Ritchie,107,Farce
V for Vendetta,https://www.imdb.com/title/tt0434409/?ref_=chttp_t_167,2005,R,1200000,8.1,James McTeigue,132,Dystopian Sci-Fi
Inside Out,https://www.imdb.com/title/tt2096673/?ref_=chttp_t_168,2015,PG,847000,8.1,Pete Docter,95,Coming-of-Age
Klaus,https://www.imdb.com/title/tt4729430/?ref_=chttp_t_169,2019,PG,207000,8.2,Sergio Pablos,96,Hand-Drawn Animation
"Three Billboards Outside Ebbing, Missouri",https://www.imdb.com/title/tt5027774/?ref_=chttp_t_170,2017,R,572000,8.1,Martin McDonagh,115,Dark Comedy
Raging Bull,https://www.imdb.com/title/tt0081398/?ref_=chttp_t_171,1980,R,390000,8.1,Martin Scorsese,129,Boxing
Trainspotting,https://www.imdb.com/title/tt0117951/?ref_=chttp_t_172,1996,R,741000,8.1,Danny Boyle,93,Dark Comedy
The Bridge on the River Kwai,https://www.imdb.com/title/tt0050212/?ref_=chttp_t_173,1957,PG,239000,8.1,David Lean,161,Jungle Adventure
Catch Me If You Can,https://www.imdb.com/title/tt0264464/?ref_=chttp_t_174,2002,PG-13,1100000,8.1,Steven Spielberg,141,Caper
Fargo,https://www.imdb.com/title/tt0116282/?ref_=chttp_t_175,1996,R,743000,8.1,Joel Coen,98,Cop Drama
Warrior,https://www.imdb.com/title/tt1291584/?ref_=chttp_t_176,2011,PG-13,508000,8.1,Gavin O'Connor,140,Boxing
Harry Potter and the Deathly Hallows: Part 2,https://www.imdb.com/title/tt1201607/?ref_=chttp_t_177,2011,PG-13,978000,8.1,David Yates,130,Dark Fantasy
Gran Torino,https://www.imdb.com/title/tt1205489/?ref_=chttp_t_178,2008,R,830000,8.1,Clint Eastwood,116,Drama
Spider-Man: No Way Home,https://www.imdb.com/title/tt10872600/?ref_=chttp_t_179,2021,PG-13,924000,8.2,Jon Watts,148,Superhero
Demon Slayer: Kimetsu no Yaiba - Tsuzumi Mansion Arc,https://www.imdb.com/title/tt16492678/?ref_=chttp_t_180,2021,Not Rated,28000,8.7,Haruo Sotozaki,87,Anime
Million Dollar Baby,https://www.imdb.com/title/tt0405159/?ref_=chttp_t_181,2004,PG-13,737000,8.1,Clint Eastwood,132,Boxing
My Neighbor Totoro,https://www.imdb.com/title/tt0096283/?ref_=chttp_t_182,1988,G,397000,8.1,Hayao Miyazaki,86,Anime
Mad Max: Fury Road,https://www.imdb.com/title/tt1392190/?ref_=chttp_t_183,2015,R,1100000,8.1,George Miller,120,Action Epic
Ben-Hur,https://www.imdb.com/title/tt0052618/?ref_=chttp_t_184,1959,G,260000,8.1,William Wyler,212,Adventure Epic
Children of Heaven,https://www.imdb.com/title/tt0118849/?ref_=chttp_t_185,1997,PG,84000,8.2,Majid Majidi,89,Drama
12 Years a Slave,https://www.imdb.com/title/tt2024544/?ref_=chttp_t_186,2013,R,756000,8.1,Steve McQueen,134,Costume Drama
Barry Lyndon,https://www.imdb.com/title/tt0072684/?ref_=chttp_t_187,1975,PG,189000,8.1,Stanley Kubrick,185,Costume Drama
Blade Runner,https://www.imdb.com/title/tt0083658/?ref_=chttp_t_188,1982,R,843000,8.1,Ridley Scott,117,Artificial Intelligence
Before Sunrise,https://www.imdb.com/title/tt0112471/?ref_=chttp_t_189,1995,R,352000,8.1,Richard Linklater,101,Drama
The Grand Budapest Hotel,https://www.imdb.com/title/tt2278388/?ref_=chttp_t_190,2014,R,911000,8.1,Wes Anderson,99,Caper
Hacksaw Ridge,https://www.imdb.com/title/tt2119532/?ref_=chttp_t_191,2016,R,621000,8.1,Mel Gibson,139,Docudrama
Dead Poets Society,https://www.imdb.com/title/tt0097165/?ref_=chttp_t_192,1989,PG,575000,8.1,Peter Weir,128,Coming-of-Age
Gone Girl,https://www.imdb.com/title/tt2267998/?ref_=chttp_t_193,2014,R,1100000,8.1,David Fincher,149,Erotic Thriller
Memories of Murder,https://www.imdb.com/title/tt0353969/?ref_=chttp_t_194,2003,Not Rated,231000,8.1,Bong Joon Ho,132,Dark Comedy
In the Name of the Father,https://www.imdb.com/title/tt0107207/?ref_=chttp_t_195,1993,R,193000,8.1,Jim Sheridan,133,Docudrama
"Monsters, Inc.",https://www.imdb.com/title/tt0198781/?ref_=chttp_t_196,2001,G,1000000,8.1,Pete Docter,92,Buddy Comedy
The Gold Rush,https://www.imdb.com/title/tt0015864/?ref_=chttp_t_197,1925,Approved,122000,8.1,Charles Chaplin,95,Farce
Ratatouille,https://www.imdb.com/title/tt0382932/?ref_=chttp_t_198,2007,G,863000,8.1,Brad Bird,111,Animal Adventure
Wild Tales,https://www.imdb.com/title/tt3011894/?ref_=chttp_t_199,2014,R,224000,8.1,Damián Szifron,122,Dark Comedy
Maharaja,https://www.imdb.com/title/tt26548265/?ref_=chttp_t_200,2024,Not Rated,59000,8.4,Nithilan Saminathan,141,One-Person Army Action
How to Train Your Dragon,https://www.imdb.com/title/tt0892769/?ref_=chttp_t_201,2010,PG,827000,8.1,Dean DeBlois,98,Computer Animation
Jaws,https://www.imdb.com/title/tt0073195/?ref_=chttp_t_202,1975,PG,683000,8.1,Steven Spielberg,124,Monster Horror
The Deer Hunter,https://www.imdb.com/title/tt0077416/?ref_=chttp_t_203,1978,R,371000,8.1,Michael Cimino,183,Epic
Sherlock Jr.,https://www.imdb.com/title/tt0015324/?ref_=chttp_t_204,1924,Approved,60000,8.2,Buster Keaton,45,Bumbling Detective
The General,https://www.imdb.com/title/tt0017925/?ref_=chttp_t_205,1926,Approved,101000,8.1,Clyde Bruckman,78,Farce
Mary and Max,https://www.imdb.com/title/tt0978762/?ref_=chttp_t_206,2009,Not Rated,193000,8.1,Adam Elliot,92,Adult Animation
On the Waterfront,https://www.imdb.com/title/tt0047296/?ref_=chttp_t_207,1954,Approved,170000,8.1,Elia Kazan,108,Legal Drama
Ford v Ferrari,https://www.imdb.com/title/tt1950186/?ref_=chttp_t_208,2019,PG-13,507000,8.1,James Mangold,152,Docudrama
The Wages of Fear,https://www.imdb.com/title/tt0046268/?ref_=chttp_t_209,1953,Not Rated,69000,8.1,Henri-Georges Clouzot,156,Psychological Drama
Mr. Smith Goes to Washington,https://www.imdb.com/title/tt0031679/?ref_=chttp_t_210,1939,Approved,124000,8.1,Frank Capra,129,Political Drama
Wild Strawberries,https://www.imdb.com/title/tt0050986/?ref_=chttp_t_211,1957,Not Rated,118000,8.1,Ingmar Bergman,92,Psychological Drama
The Third Man,https://www.imdb.com/title/tt0041959/?ref_=chttp_t_212,1949,Approved,187000,8.1,Carol Reed,93,Film Noir
Logan,https://www.imdb.com/title/tt3315342/?ref_=chttp_t_213,2017,R,873000,8.1,James Mangold,137,Dystopian Sci-Fi
Rocky,https://www.imdb.com/title/tt0075148/?ref_=chttp_t_214,1976,PG,649000,8.1,John G. Avildsen,120,Boxing
Tokyo Story,https://www.imdb.com/title/tt0046438/?ref_=chttp_t_215,1953,Not Rated,72000,8.1,Yasujirô Ozu,137,Psychological Drama
The Big Lebowski,https://www.imdb.com/title/tt0118715/?ref_=chttp_t_216,1998,R,879000,8.1,Joel Coen,117,Buddy Comedy
The Seventh Seal,https://www.imdb.com/title/tt0050976/?ref_=chttp_t_217,1957,Not Rated,205000,8.1,Ingmar Bergman,96,Psychological Drama
Spotlight,https://www.imdb.com/title/tt1895587/?ref_=chttp_t_218,2015,R,512000,8.1,Tom McCarthy,129,Docudrama
Room,https://www.imdb.com/title/tt3170832/?ref_=chttp_t_219,2015,R,462000,8.1,Lenny Abrahamson,118,Psychological Drama
The Terminator,https://www.imdb.com/title/tt0088247/?ref_=chttp_t_220,1984,R,950000,8.1,James Cameron,107,Artificial Intelligence
Hotel Rwanda,https://www.imdb.com/title/tt0395169/?ref_=chttp_t_221,2004,PG-13,380000,8.1,Terry George,121,Docudrama
Platoon,https://www.imdb.com/title/tt0091763/?ref_=chttp_t_222,1986,R,449000,8.1,Oliver Stone,120,Drama
Pirates of the Caribbean: The Curse of the Black Pearl,https://www.imdb.com/title/tt0325980/?ref_=chttp_t_223,2003,PG-13,1200000,8.1,Gore Verbinski,143,Sea Adventure
La haine,https://www.imdb.com/title/tt0113247/?ref_=chttp_t_224,1995,Not Rated,206000,8.1,Mathieu Kassovitz,98,Gangster
Before Sunset,https://www.imdb.com/title/tt0381681/?ref_=chttp_t_225,2004,R,297000,8.1,Richard Linklater,80,Drama
Jai Bhim,https://www.imdb.com/title/tt15097216/?ref_=chttp_t_226,2021,Approved,223000,8.7,T.J. Gnanavel,164,Legal Drama
The Best Years of Our Lives,https://www.imdb.com/title/tt0036868/?ref_=chttp_t_227,1946,Approved,73000,8.1,William Wyler,170,Epic
The Passion of Joan of Arc,https://www.imdb.com/title/tt0019254/?ref_=chttp_t_228,1928,Approved,63000,8.1,Carl Theodor Dreyer,114,Legal Drama
The Exorcist,https://www.imdb.com/title/tt0070047/?ref_=chttp_t_229,1973,R,470000,8.1,William Friedkin,122,Body Horror
The Wizard of Oz,https://www.imdb.com/title/tt0032138/?ref_=chttp_t_230,1939,G,443000,8.1,Victor Fleming,102,Adventure Epic
The Incredibles,https://www.imdb.com/title/tt0317705/?ref_=chttp_t_231,2004,PG,838000,8.0,Brad Bird,115,Computer Animation
Rush,https://www.imdb.com/title/tt1979320/?ref_=chttp_t_232,2013,R,527000,8.1,Ron Howard,123,Docudrama
Network,https://www.imdb.com/title/tt0074958/?ref_=chttp_t_233,1976,R,175000,8.1,Sidney Lumet,121,Dark Comedy
Stand by Me,https://www.imdb.com/title/tt0092005/?ref_=chttp_t_234,1986,R,456000,8.1,Rob Reiner,89,Coming-of-Age
The Sound of Music,https://www.imdb.com/title/tt0059742/?ref_=chttp_t_235,1965,G,271000,8.1,Robert Wise,172,Classic Musical
Hachi: A Dog's Tale,https://www.imdb.com/title/tt1028532/?ref_=chttp_t_236,2009,G,322000,8.1,Lasse Hallström,93,Animal Adventure
My Father and My Son,https://www.imdb.com/title/tt0476735/?ref_=chttp_t_237,2005,Not Rated,96000,8.2,Çagan Irmak,112,Drama
The Handmaiden,https://www.imdb.com/title/tt4016934/?ref_=chttp_t_238,2016,Not Rated,182000,8.1,Park Chan-wook,145,Dark Romance
A Man Escaped,https://www.imdb.com/title/tt0049902/?ref_=chttp_t_239,1956,Not Rated,27000,8.2,Robert Bresson,101,Prison Drama
To Be or Not to Be,https://www.imdb.com/title/tt0035446/?ref_=chttp_t_240,1942,Approved,46000,8.1,Ernst Lubitsch,99,Screwball Comedy
The Iron Giant,https://www.imdb.com/title/tt0129167/?ref_=chttp_t_241,1999,PG,238000,8.1,Brad Bird,86,Alien Invasion
The Battle of Algiers,https://www.imdb.com/title/tt0058946/?ref_=chttp_t_242,1966,Not Rated,69000,8.1,Gillo Pontecorvo,121,Docudrama
Into the Wild,https://www.imdb.com/title/tt0758758/?ref_=chttp_t_243,2007,R,671000,8.1,Sean Penn,148,Coming-of-Age
The Grapes of Wrath,https://www.imdb.com/title/tt0032551/?ref_=chttp_t_244,1940,Approved,103000,8.1,John Ford,129,Drama
Groundhog Day,https://www.imdb.com/title/tt0107048/?ref_=chttp_t_245,1993,PG,704000,8.0,Harold Ramis,101,Feel-Good Romance
Amores Perros,https://www.imdb.com/title/tt0245712/?ref_=chttp_t_246,2000,R,258000,8.0,Alejandro G. Iñárritu,154,Tragedy
The Help,https://www.imdb.com/title/tt1454029/?ref_=chttp_t_247,2011,PG-13,505000,8.1,Tate Taylor,146,Period Drama
Rebecca,https://www.imdb.com/title/tt0032976/?ref_=chttp_t_248,1940,Approved,151000,8.1,Alfred Hitchcock,130,Dark Romance
A Silent Voice: The Movie,https://www.imdb.com/title/tt5323662/?ref_=chttp_t_249,2016,Not Rated,112000,8.1,Taichi Ishidate,130,Anime
Cool Hand Luke,https://www.imdb.com/title/tt0061512/?ref_=chttp_t_250,1967,Approved,193000,8.0,Stuart Rosenberg,127,Prison Drama
